id,first_name,last_name,email,gender,ip_address,age
1,Cosmo,Elderbrant,celderbrant0@apple.com,Male,29.107.155.64,32
2,Bamby,Winnett,bwinnett1@seesaa.net,Female,230.113.249.48,26
3,Lay,Hearley,lhearley2@xrea.com,Male,145.166.133.138,38
4,Robinet,Springtorp,rspringtorp3@canalblog.com,Male,118.209.194.151,40
5,Alyse,Britten,abritten4@mapquest.com,Female,162.4.77.45,35
6,Maurise,Heggie,mheggie5@sun.com,Female,121.205.18.237,55
7,Clementia,Bresnahan,cbresnahan6@cam.ac.uk,Female,18.41.229.89,35
8,Orel,Effnert,oeffnert7@netvibes.com,Female,132.31.188.31,47
9,Fannie,Tubb,ftubb8@sfgate.com,Female,239.37.126.49,48
10,Lesya,Reddington,lreddington9@soundcloud.com,Female,33.253.231.247,53
11,Teddy,Jacop,tjacopa@abc.net.au,Male,240.87.31.236,18
12,Auberon,Keen,akeenb@patch.com,Male,53.201.45.84,32
13,Marice,Kroch,mkrochc@businessinsider.com,Female,170.217.29.69,24
14,Raf,Winnister,rwinnisterd@skype.com,Female,41.28.178.179,34
15,Lorraine,Airs,lairse@virginia.edu,Female,244.41.15.21,56
16,Asa,Hegge,aheggef@cmu.edu,Male,224.119.65.132,28
17,Hillyer,Ciciari,hciciarig@flickr.com,Male,238.150.82.86,21
18,Sherie,Else,selseh@imdb.com,Female,137.230.70.156,36
19,Shir,Lantoph,slantophi@google.it,Female,239.246.97.193,39
20,Lurline,Brown,lbrownj@rakuten.co.jp,Female,81.166.202.0,55
21,Marmaduke,Martyns,mmartynsk@bloomberg.com,Male,177.55.45.173,56
22,Glen,Froude,gfroudel@harvard.edu,Male,234.113.221.206,48
23,Roi,Isaq,risaqm@vistaprint.com,Male,227.55.119.97,60
24,Micheal,Drable,mdrablen@tinyurl.com,Male,2.113.138.234,34
25,Ward,Flaxman,wflaxmano@earthlink.net,Male,66.71.91.48,49
26,Morris,Lichtfoth,mlichtfothp@xinhuanet.com,Male,58.169.73.233,27
27,Ugo,Winsley,uwinsleyq@pagesperso-orange.fr,Male,98.45.248.91,29
28,Vittorio,Norres,vnorresr@senate.gov,Male,128.54.95.223,34
29,Blaire,Hardi,bhardis@simplemachines.org,Female,68.141.161.72,60
30,Emelita,Gantley,egantleyt@vinaora.com,Female,182.107.155.205,37
31,Verney,Wrightam,vwrightamu@who.int,Male,36.31.175.63,29
32,Tobias,Maile,tmailev@xing.com,Male,47.225.211.62,51
33,Lindy,Tesh,lteshw@hc360.com,Male,83.226.12.220,20
34,Dunn,Elven,delvenx@jalbum.net,Male,234.77.68.79,40
35,Natalya,Hoonahan,nhoonahany@japanpost.jp,Female,82.30.21.227,37
36,Peder,Edards,pedardsz@1und1.de,Male,24.62.177.167,43
37,Jo,Flanigan,jflanigan10@redcross.org,Male,248.106.215.249,51
38,Asa,Sisse,asisse11@telegraph.co.uk,Male,204.156.135.207,55
39,Lee,Chadderton,lchadderton12@lulu.com,Male,241.153.190.234,42
40,Alyosha,Rice,arice13@theatlantic.com,Male,183.15.8.149,39
41,Tammara,Gwin,tgwin14@dedecms.com,Female,242.211.109.188,38
42,Humberto,Balog,hbalog15@umn.edu,Male,15.6.174.126,44
43,Kaspar,O' Hern,kohern16@nsw.gov.au,Male,84.125.6.135,60
44,Hillie,Stickins,hstickins17@npr.org,Male,12.203.132.81,39
45,Seumas,Escott,sescott18@wufoo.com,Male,228.97.38.85,58
46,Ashli,Mulderrig,amulderrig19@weebly.com,Female,222.111.105.10,40
47,Freeman,Besset,fbesset1a@bloglovin.com,Male,216.176.11.74,32
48,Rosemaria,Brandel,rbrandel1b@vistaprint.com,Female,99.191.196.49,51
49,Luther,Fulford,lfulford1c@storify.com,Male,66.142.124.254,19
50,Maddie,Daburn,mdaburn1d@sbwire.com,Male,49.8.88.10,53
51,Madelina,Branson,mbranson1e@odnoklassniki.ru,Female,60.223.228.183,39
52,Isidora,Shortin,ishortin1f@nyu.edu,Female,151.77.28.84,23
53,Lock,Huston,lhuston1g@washington.edu,Male,214.52.242.119,59
54,Keane,Bearfoot,kbearfoot1h@jigsy.com,Male,155.177.247.207,48
55,Colas,Heymann,cheymann1i@mediafire.com,Male,195.105.219.172,60
56,Aldous,Gales,agales1j@printfriendly.com,Male,248.193.111.252,46
57,Thibaut,Bank,tbank1k@tinypic.com,Male,243.59.206.195,23
58,Jeremiah,Edgeson,jedgeson1l@infoseek.co.jp,Male,121.213.136.73,59
59,Paul,Kupisz,pkupisz1m@paginegialle.it,Male,222.250.39.89,33
60,Holli,Goldsbury,hgoldsbury1n@typepad.com,Female,155.192.118.205,22
61,Alfonso,McTeggart,amcteggart1o@yale.edu,Male,240.68.174.140,53
62,Bent,Simonian,bsimonian1p@home.pl,Male,137.30.11.163,60
63,Marney,Maynell,mmaynell1q@a8.net,Female,20.175.252.164,49
64,Buckie,Dominicacci,bdominicacci1r@tumblr.com,Male,147.177.142.116,24
65,Nancey,Sutherden,nsutherden1s@senate.gov,Female,143.252.140.83,34
66,Jeffrey,Sealove,jsealove1t@artisteer.com,Male,107.141.225.201,37
67,Saidee,Hollebon,shollebon1u@archive.org,Female,14.67.115.130,56
68,Sadie,Gini,sgini1v@digg.com,Female,76.242.36.160,23
69,Hendrik,Godwin,hgodwin1w@eepurl.com,Male,36.113.176.173,27
70,Crista,Hatrey,chatrey1x@bbc.co.uk,Female,196.236.16.112,48
71,Kit,Tilston,ktilston1y@ameblo.jp,Male,151.151.100.171,42
72,Angelo,Menego,amenego1z@cornell.edu,Male,98.64.132.42,39
73,Matt,Daingerfield,mdaingerfield20@cdc.gov,Male,226.3.45.108,18
74,Tanitansy,Basili,tbasili21@icq.com,Female,117.120.84.170,55
75,Philis,Hedaux,phedaux22@gravatar.com,Female,11.127.124.69,23
76,Molly,Quinlan,mquinlan23@mapquest.com,Female,12.238.245.165,28
77,Fee,Eneas,feneas24@mac.com,Male,62.46.68.194,34
78,Bronson,Godleman,bgodleman25@msu.edu,Male,133.3.212.110,42
79,Trefor,Cubbinelli,tcubbinelli26@google.es,Male,199.9.105.86,28
80,Lincoln,Chatteris,lchatteris27@cornell.edu,Male,101.151.175.54,45
81,Charlotta,O'Grada,cograda28@lycos.com,Female,17.244.79.232,38
82,Peirce,Cowell,pcowell29@buzzfeed.com,Male,189.72.197.41,24
83,Ariella,Howlings,ahowlings2a@berkeley.edu,Female,214.78.168.104,57
84,Shellysheldon,Sheed,ssheed2b@nps.gov,Male,194.134.49.77,37
85,Annice,Kermitt,akermitt2c@geocities.jp,Female,56.209.32.225,18
86,Jedd,Ianinotti,jianinotti2d@google.cn,Male,165.184.241.70,33
87,Bartlett,Coling,bcoling2e@gravatar.com,Male,7.130.56.151,52
88,Vita,Milsom,vmilsom2f@woothemes.com,Female,77.167.248.83,33
89,Nils,Woolfall,nwoolfall2g@census.gov,Male,88.50.102.121,43
90,Georges,Uppett,guppett2h@mayoclinic.com,Male,73.189.255.204,35
91,Gregory,Blackater,gblackater2i@blinklist.com,Male,145.246.226.192,55
92,Mil,Dmytryk,mdmytryk2j@epa.gov,Female,119.191.131.227,37
93,Serge,Slinn,sslinn2k@cnbc.com,Male,80.217.212.179,47
94,Jeramie,Jones,jagdahl2l@google.cn,Male,195.37.250.233,46
95,Stearn,Craghead,scraghead2m@photobucket.com,Male,74.219.36.220,51
96,Lynn,Barnshaw,lbarnshaw2n@bbb.org,Male,115.213.80.243,51
97,Cordy,Allanson,callanson2o@51.la,Male,42.115.105.154,42
98,Averil,Skouling,askouling2p@live.com,Male,211.221.165.233,43
99,Mitchael,Jones,mmalenfant2q@51.la,Male,71.37.10.242,49
