id,first_name,last_name,email,gender,job_title,age
1,Fred,Huburn,fhuburn0@netscape.com,Female,Assistant Media Planner,22
2,Avie,Rittmeyer,arittmeyer1@netvibes.com,Female,Research Nurse,29
3,Husain,Poynzer,hpoynzer2@github.io,Male,Account Coordinator,23
4,Hobie,Fihelly,hfihelly3@npr.org,Male,Nurse,39
5,Clemmie,Mantripp,cmantripp4@tripod.com,Male,VP Marketing,40
6,Sibylla,Bennit,sbennit5@github.com,Female,Assistant Media Planner,45
7,Angeli,Treece,atreece6@soundcloud.com,Male,Geologist IV,48
8,Tallulah,Merigon,tmerigon7@hp.com,Female,Structural Analysis Engineer,30
9,Levy,Biesinger,lbiesinger8@qq.com,Male,Senior Editor,31
10,Marmaduke,Gerleit,mgerleit9@arstechnica.com,Male,Accountant IV,24
11,Olva,Carlon,ocarlona@engadget.com,Female,Accounting Assistant III,47
12,Ferrell,Brandreth,fbrandrethb@netscape.com,Male,Editor,46
13,Hallie,Hamnet,hhamnetc@topsy.com,Female,Web Developer II,56
14,Hagen,Stuehmeyer,hstuehmeyerd@cbslocal.com,Male,Analyst Programmer,49
15,Dario,Shoard,dshoarde@t.co,Male,Product Engineer,23
16,Shaun,Osband,sosbandf@reference.com,Male,Web Developer I,47
17,Guilbert,Fulstow,gfulstowg@woothemes.com,Male,Assistant Manager,23
18,Torrey,Iskowitz,tiskowitzh@tumblr.com,Male,Graphic Designer,20
19,Lonny,Giacomuzzo,lgiacomuzzoi@usa.gov,Male,Food Chemist,22
20,Abe,Daubney,adaubneyj@aol.com,Male,Programmer Analyst IV,54
21,Erin,Ledram,eledramk@privacy.gov.au,Female,Budget/Accounting Analyst II,29
22,Chrotoem,Scading,cscadingl@comsenz.com,Male,Accounting Assistant II,20
23,Ursuline,Rockcliff,urockcliffm@samsung.com,Female,VP Quality Control,45
24,Yulma,Fullerd,yfullerdn@google.pl,Male,Payment Adjustment Coordinator,35
25,Todd,Dorran,tdorrano@ted.com,Male,Sales Associate,53
26,Aleen,Dinnington,adinningtonp@is.gd,Female,VP Marketing,60
27,Moina,Mochan,mmochanq@cafepress.com,Female,Research Nurse,50
28,Simeon,Capozzi,scapozzir@tamu.edu,Male,Geological Engineer,25
29,Jared,Draaisma,jdraaismas@epa.gov,Male,Senior Financial Analyst,25
30,Margery,Dryden,mdrydent@elpais.com,Female,Software Test Engineer II,56
31,Jocelyn,Pordall,jpordallu@lycos.com,Female,Nurse Practicioner,50
32,Debby,Gandar,dgandarv@wisc.edu,Female,VP Product Management,29
33,Georg,Waison,gwaisonw@meetup.com,Male,Data Coordiator,26
34,Lelia,Treharne,ltreharnex@issuu.com,Female,Senior Sales Associate,42
35,Margarita,Loadsman,mloadsmany@xrea.com,Female,Payment Adjustment Coordinator,45
36,Stevy,Evelyn,sevelynz@wunderground.com,Male,Research Associate,38
37,Damita,Golding,dgolding10@cafepress.com,Female,Nuclear Power Engineer,38
38,Beatrisa,Alvarado,balvarado11@google.com.au,Female,Data Coordiator,36
39,Hedwiga,Mylan,hmylan12@mail.ru,Female,Information Systems Manager,33
40,Trish,Milius,tmilius13@gmpg.org,Female,Research Assistant II,34
41,Gwenora,Corteis,gcorteis14@yolasite.com,Female,Systems Administrator II,33
42,Rosina,Cockerham,rcockerham15@theatlantic.com,Female,Professor,27
43,Bud,Cowperthwaite,bcowperthwaite16@hexun.com,Male,Human Resources Manager,18
44,Jada,Drohun,jdrohun17@deviantart.com,Female,Assistant Manager,52
45,Salim,Owthwaite,sowthwaite18@studiopress.com,Male,Administrative Assistant IV,38
46,Erie,Heasly,eheasly19@cocolog-nifty.com,Male,Human Resources Manager,49
47,Edmon,Canon,ecanon1a@naver.com,Male,Data Coordiator,37
48,Siana,Lavens,slavens1b@omniture.com,Female,Business Systems Development Analyst,40
49,Philomena,Marwick,pmarwick1c@usgs.gov,Female,Senior Sales Associate,40
50,Joe,Coxon,jcoxon1d@typepad.com,Male,Developer I,32
51,Vinson,Doige,vdoige1e@state.gov,Male,Accounting Assistant III,41
52,Rhett,Halmkin,rhalmkin1f@joomla.org,Male,Geological Engineer,41
53,Pietra,Voas,pvoas1g@ow.ly,Female,Biostatistician I,19
54,Gene,Dallaghan,gdallaghan1h@mit.edu,Male,Biostatistician III,52
55,Neal,Oloman,noloman1i@answers.com,Male,Environmental Specialist,29
56,Nedda,Lanceter,nlanceter1j@jalbum.net,Female,Marketing Assistant,59
57,Standford,Ceaser,sceaser1k@ask.com,Male,Business Systems Development Analyst,24
58,Cull,Macenzy,cmacenzy1l@jimdo.com,Male,Database Administrator IV,59
59,Caresa,Raylton,craylton1m@mail.ru,Female,Paralegal,50
60,Cornall,McClymont,cmcclymont1n@shareasale.com,Male,Developer IV,50
61,Penelope,Waltering,pwaltering1o@xing.com,Female,Paralegal,49
62,Nobie,Korpolak,nkorpolak1p@google.de,Male,Nurse Practicioner,21
63,Gaston,Holmyard,gholmyard1q@army.mil,Male,Biostatistician III,41
64,Beryl,Cotgrave,bcotgrave1r@reuters.com,Female,VP Quality Control,40
65,Bambie,Skeete,bskeete1s@live.com,Female,Research Associate,26
66,Denny,Lydiard,dlydiard1t@goodreads.com,Female,Tax Accountant,46
67,Khalil,Lawrenceson,klawrenceson1u@nydailynews.com,Male,Programmer Analyst IV,33
68,Farris,Nethercott,fnethercott1v@youku.com,Male,Structural Engineer,32
69,Arvie,Crownshaw,acrownshaw1w@printfriendly.com,Male,Nurse Practicioner,48
70,Arny,Heims,aheims1x@sfgate.com,Male,Design Engineer,21
71,Olva,Tolson,otolson1y@seesaa.net,Female,Marketing Assistant,38
72,King,Lohden,klohden1z@cbc.ca,Male,Research Assistant II,19
73,Robin,Davidek,rdavidek20@thetimes.co.uk,Male,Compensation Analyst,23
74,Marylynne,Kilgallon,mkilgallon21@newyorker.com,Female,Software Consultant,20
75,Celle,Redihough,credihough22@hp.com,Female,Internal Auditor,31
76,Jarrett,Rowsell,jrowsell23@toplist.cz,Male,Software Test Engineer IV,55
77,Bruce,Pennock,bpennock24@canalblog.com,Male,Nurse Practicioner,45
78,Zared,Ghiotto,zghiotto25@marketwatch.com,Male,Biostatistician IV,30
79,Jacinda,Balkwill,jbalkwill26@comsenz.com,Female,Recruiting Manager,40
80,Charity,Tondeur,ctondeur27@sina.com.cn,Female,Actuary,50
81,Rosalia,Blanchet,rblanchet28@va.gov,Female,Actuary,45
82,Tymothy,Aldgate,taldgate29@vkontakte.ru,Male,Senior Quality Engineer,36
83,Annetta,Dunthorn,adunthorn2a@google.nl,Female,Internal Auditor,36
84,Elisabeth,Hillock,ehillock2b@google.it,Female,Research Nurse,26
85,Erek,Gurner,egurner2c@cisco.com,Male,Help Desk Technician,48
86,Lamar,Geard,lgeard2d@lulu.com,Male,Quality Engineer,22
87,Abbye,Calvard,acalvard2e@miitbeian.gov.cn,Female,Senior Developer,20
88,Pat,Sherrock,psherrock2f@telegraph.co.uk,Male,Quality Engineer,47
89,Carly,Leger,cleger2g@imdb.com,Male,Web Designer I,33
90,Joane,Callam,jcallam2h@usgs.gov,Female,VP Quality Control,58
91,Amara,Rubenfeld,arubenfeld2i@google.com.hk,Female,Programmer IV,46
92,Don,Swatheridge,dswatheridge2j@aol.com,Male,Teacher,39
93,Robinett,Meininking,rmeininking2k@guardian.co.uk,Female,Editor,25
94,Ilario,Kitchiner,ikitchiner2l@sakura.ne.jp,Male,Design Engineer,21
95,Hermy,Antczak,hantczak2m@dot.gov,Male,Pharmacist,57
96,Carolan,Childes,cchildes2n@feedburner.com,Female,Nuclear Power Engineer,56
97,Denny,Hopewell,dhopewell2o@wikispaces.com,Male,Account Representative II,33
98,Peggie,Ruck,pruck2p@flickr.com,Female,Clinical Specialist,43
99,Jehanna,Libermore,jlibermore2q@about.com,Female,VP Quality Control,47
100,Bevin,Tartt,btartt2r@examiner.com,Male,Senior Editor,49
